{
    "initW": 0.00035,
    "oldW": 0.00017
}