{
    "initW": 0.00125,
    "oldW": 0.00125
}